time, magnitude, latitude, longitude, depth
1990-09-29T16:11:30.470Z,5.1,51.426,-178.266,57.0
1996-06-11T16:38:36.710Z,5.2,51.486,-178.321,33.0
1990-09-29T16:11:30.470Z,5.1,51.426,-178.266,57.0
2000-06-16T23:33:49.980Z,5.0,51.433,-178.346,33.0
1991-02-23T09:31:40.380Z,5.4,45.222,150.449,38.5
2015-09-09T05:43:56.830Z,5.2,45.319,150.411,64.3
1991-09-02T03:03:42.950Z,5.2,42.292,143.019,65.6
1999-02-09T00:19:37.140Z,5.1,42.328,142.983,59.1
1991-09-02T03:03:42.950Z,5.2,42.292,143.019,65.6
2004-09-10T04:22:10.110Z,5.0,42.392,142.954,51.8
1991-09-19T01:41:48.040Z,5.3,48.818,154.87,35.2
2011-09-17T08:59:30.470Z,5.2,48.909,154.739,61.9
1991-10-24T23:12:20.650Z,5.1,-2.695,101.106,51.8
2008-03-16T23:05:25.580Z,5.2,-2.897,101.095,35.0
1991-10-24T23:12:20.650Z,5.1,-2.695,101.106,51.8
2010-01-31T07:02:46.270Z,5.0,-2.878,100.906,50.7
1991-10-30T04:02:42.550Z,5.5,-5.657,153.899,69.1
2013-12-29T12:49:16.720Z,5.5,-5.605,153.986,24.0
1991-11-17T07:46:07.690Z,5.2,40.038,142.693,41.7
1995-01-01T12:30:05.300Z,5.2,40.049,142.686,42.0
1991-11-17T07:46:07.690Z,5.2,40.038,142.693,41.7
1996-06-25T21:37:02.680Z,5.0,39.971,142.839,44.9
1991-11-17T07:46:07.690Z,5.2,40.038,142.693,41.7
2011-05-02T21:25:49.540Z,5.1,40.102,142.564,32.3
1991-11-17T07:46:07.690Z,5.2,40.038,142.693,41.7
2014-01-16T01:12:17.710Z,5.1,40.115,142.818,51.8
1991-12-17T01:50:19.080Z,5.3,-3.611,102.034,72.0
2003-07-02T00:47:11.860Z,5.1,-3.643,102.06,75.2
1991-12-17T01:50:19.080Z,5.3,-3.611,102.034,72.0
2010-09-03T17:06:50.860Z,5.6,-3.65,101.961,73.2
1992-05-05T08:55:51.170Z,5.2,43.812,148.007,40.8
1997-03-02T01:04:15.950Z,5.2,44.001,147.85,33.0
1992-06-22T14:57:16.840Z,5.1,30.557,141.654,41.3
2001-10-26T08:44:28.310Z,5.0,30.554,141.755,33.0
1992-06-22T14:57:16.840Z,5.1,30.557,141.654,41.3
2014-06-13T05:50:49.790Z,5.0,30.699,141.835,47.2
1992-07-02T04:19:47.330Z,5.2,30.985,141.344,41.2
2002-07-16T03:39:49.420Z,5.0,30.924,141.302,33.0
1992-07-18T23:29:52.690Z,5.2,44.96,152.057,33.0
2012-07-14T17:36:22.580Z,5.0,45.378,151.878,6.1
1992-10-23T16:06:17.520Z,5.1,-5.903,104.934,87.1
2001-02-16T23:38:03.710Z,5.0,-6.08,104.68,33.0
1992-10-23T16:06:17.520Z,5.1,-5.903,104.934,87.1
2008-10-18T18:41:32.150Z,5.1,-6.058,104.751,77.5
1992-11-17T04:24:16.460Z,5.3,-30.588,-71.172,54.1
2015-12-19T19:25:05.560Z,5.8,-30.605,-71.306,48.3
1992-12-29T01:25:43.910Z,5.2,2.403,126.658,73.4
2002-10-07T17:32:19.220Z,5.3,2.393,126.837,33.0
1993-01-29T19:30:36.480Z,5.3,34.936,141.594,37.1
2010-03-12T17:32:08.340Z,5.2,34.898,141.595,15.3
1993-02-13T21:19:36.030Z,5.1,51.72,176.447,33.0
2015-04-23T14:57:27.750Z,5.0,51.75,176.335,31.0
1993-02-15T12:02:13.450Z,5.1,-20.04,169.187,45.5
1998-05-14T20:03:17.660Z,5.2,-20.119,169.276,49.2
1993-02-15T12:02:13.450Z,5.1,-20.04,169.187,45.5
2004-02-15T00:01:30.710Z,5.2,-20.033,169.226,46.6
1993-02-15T12:02:13.450Z,5.1,-20.04,169.187,45.5
2008-07-10T16:01:06.490Z,5.1,-20.081,169.205,69.5
1993-02-15T12:02:13.450Z,5.1,-20.04,169.187,45.5
2011-10-16T04:24:45.080Z,5.1,-20.04,169.144,81.1
1993-02-15T12:02:13.450Z,5.1,-20.04,169.187,45.5
2015-10-17T21:02:30.450Z,5.3,-20.114,169.226,43.4
1993-03-06T01:45:19.050Z,5.1,38.751,143.039,17.0
2011-03-09T07:56:32.220Z,5.1,38.803,142.879,46.4
1993-03-15T00:42:24.060Z,5.1,39.61,143.289,27.5
2014-11-23T13:34:54.760Z,5.0,39.602,143.262,18.2
1993-03-20T01:02:46.050Z,5.1,36.078,141.587,33.5
2006-03-13T04:15:33.930Z,5.0,36.041,141.528,33.9
1993-04-06T00:59:13.670Z,5.2,45.481,150.711,46.6
2001-09-11T18:21:09.230Z,5.5,45.447,150.683,33.0
1993-04-10T09:12:38.860Z,5.4,-0.212,124.385,39.2
2007-03-01T15:15:23.850Z,5.4,-0.239,124.36,42.5
1993-05-17T04:32:42.830Z,5.3,37.561,142.569,28.5
2008-07-19T02:47:29.440Z,5.3,37.562,142.402,31.4
1993-06-06T06:18:42.780Z,5.1,-24.567,-175.857,33.0
2012-05-16T01:28:17.960Z,5.2,-24.566,-175.965,10.0
1993-07-16T12:55:36.130Z,5.3,10.81,-86.27,25.8
2015-03-11T16:23:37.870Z,5.2,10.656,-86.402,12.0
1993-07-17T17:17:30.030Z,5.5,2.036,126.678,63.0
2015-09-03T13:24:00.690Z,5.5,2.055,126.682,53.0
1993-07-27T11:53:10.470Z,5.2,-12.577,166.495,43.6
2012-02-29T07:05:12.110Z,5.1,-12.543,166.487,80.7
1993-08-03T12:21:57.410Z,5.3,-12.037,166.077,33.0
2002-06-20T03:02:36.950Z,5.3,-12.012,166.106,33.0
1993-09-11T12:44:51.900Z,5.0,2.245,126.754,72.7
2008-06-01T15:31:42.480Z,5.0,2.243,126.833,71.4
1993-10-19T09:47:12.360Z,5.5,-5.163,151.901,44.3
2003-07-15T09:25:58.800Z,5.3,-5.139,151.826,45.0
1993-11-05T07:02:06.110Z,5.2,-7.033,106.101,74.8
2004-05-09T22:25:31.130Z,5.2,-6.944,106.178,78.3
1993-11-25T21:45:24.770Z,5.4,12.252,125.775,30.0
2003-03-16T09:00:27.050Z,5.4,12.181,125.826,30.4
1993-11-30T03:21:31.470Z,5.1,-3.58,101.601,45.2
2013-07-24T21:39:22.260Z,5.2,-3.607,101.509,57.4
1993-12-28T22:20:47.580Z,5.1,49.356,155.614,53.6
2008-02-28T11:55:06.130Z,5.1,49.37,155.543,60.1
1994-04-12T14:42:48.900Z,5.5,-21.034,-174.175,30.9
1997-09-24T15:16:28.340Z,5.1,-21.024,-174.273,33.0
1994-04-23T19:36:45.830Z,5.1,40.154,142.506,45.9
1995-01-08T09:37:13.960Z,5.0,40.184,142.449,44.5
1994-04-23T19:36:45.830Z,5.1,40.154,142.506,45.9
2013-07-25T19:05:07.130Z,5.0,40.199,142.472,44.9
1994-07-10T23:14:06.450Z,5.2,36.478,70.15,230.4
2010-06-04T11:49:41.580Z,5.1,36.501,70.17,220.6
1994-08-02T07:37:52.820Z,5.1,-10.422,117.005,48.6
2003-03-20T17:15:13.470Z,5.0,-10.321,117.05,33.0
1994-08-03T01:22:20.090Z,5.4,-6.363,154.943,54.1
2013-10-22T21:15:51.220Z,5.5,-6.345,154.966,50.0
1994-08-05T03:39:05.250Z,5.4,-3.177,101.466,68.5
2008-06-24T19:14:44.150Z,5.1,-3.185,101.433,49.0
1994-08-05T03:39:05.250Z,5.4,-3.177,101.466,68.5
2011-06-19T04:15:58.980Z,5.4,-3.247,101.361,57.1
1994-08-17T22:31:49.490Z,5.1,-4.736,103.151,93.1
2012-07-31T06:50:15.610Z,5.2,-4.769,103.086,70.5
1994-10-04T15:43:07.800Z,5.3,43.287,148.151,25.0
1994-10-06T07:46:35.440Z,5.6,43.239,148.061,32.7
1994-10-04T12:09:40.150Z,5.2,-6.218,104.891,24.3
2002-09-05T00:14:42.090Z,5.2,-6.199,104.876,43.7
1994-10-04T12:09:40.150Z,5.2,-6.218,104.891,24.3
2009-09-04T00:52:08.110Z,5.1,-6.286,104.794,46.0
1994-10-04T12:09:40.150Z,5.2,-6.218,104.891,24.3
2017-11-08T19:17:06.960Z,5.0,-6.507,104.615,35.0
1994-10-25T07:18:42.300Z,5.0,27.329,129.284,33.0
2007-04-16T09:04:54.810Z,5.0,27.453,129.255,30.4
1994-10-25T07:18:42.300Z,5.0,27.329,129.284,33.0
2014-06-11T07:30:59.800Z,5.0,27.427,129.286,30.6
1994-10-26T03:31:16.810Z,5.4,-27.52,-176.909,168.3
2009-01-05T22:27:13.890Z,5.4,-27.48,-176.706,47.0
1994-10-31T23:04:07.690Z,5.5,-17.876,-172.883,33.0
2000-10-04T15:39:27.710Z,5.1,-17.747,-173.199,33.0
1994-11-13T09:07:12.180Z,5.2,-0.221,124.424,35.3
2007-04-20T13:21:00.970Z,5.1,-0.14,124.416,20.9
1994-11-13T09:07:12.180Z,5.2,-0.221,124.424,35.3
2011-05-05T08:45:29.000Z,5.0,-0.199,124.483,73.0
1994-12-09T18:10:21.300Z,5.3,-21.696,-175.311,93.0
1999-09-25T15:59:35.740Z,5.4,-22.02,-175.144,33.0
1994-12-09T18:10:21.300Z,5.3,-21.696,-175.311,93.0
2000-12-01T04:53:51.820Z,5.2,-21.715,-175.312,33.0
1994-12-20T11:08:50.670Z,5.5,-6.134,103.933,37.0
2012-09-18T03:23:45.840Z,5.2,-6.169,103.739,35.0
1995-01-01T12:30:05.300Z,5.2,40.049,142.686,42.0
1996-06-25T21:37:02.680Z,5.0,39.971,142.839,44.9
1995-01-01T12:30:05.300Z,5.2,40.049,142.686,42.0
2002-04-11T12:04:13.480Z,5.3,39.987,142.813,35.9
1995-01-01T12:30:05.300Z,5.2,40.049,142.686,42.0
2011-05-02T21:25:49.540Z,5.1,40.102,142.564,32.3
1995-01-01T12:30:05.300Z,5.2,40.049,142.686,42.0
2014-01-16T01:12:17.710Z,5.1,40.115,142.818,51.8
1995-01-05T12:07:36.750Z,5.2,39.209,143.51,29.5
2009-06-23T07:24:13.380Z,5.1,39.203,143.463,28.0
1995-01-09T18:54:20.650Z,5.2,46.165,152.233,28.7
2017-06-22T22:36:19.480Z,5.0,46.205,152.266,9.6
1995-01-20T00:55:22.160Z,5.8,-10.99,162.145,26.5
2010-09-06T13:46:26.410Z,5.7,-10.965,162.173,25.5
1995-04-06T20:47:48.970Z,5.4,10.927,125.971,38.4
2014-10-04T17:38:42.340Z,5.2,10.921,125.961,63.7
1995-04-16T20:36:09.020Z,5.2,-21.017,-174.386,31.5
1999-01-26T07:04:20.900Z,5.2,-21.1,-174.486,33.0
1995-04-16T20:36:09.020Z,5.2,-21.017,-174.386,31.5
2003-07-04T01:15:56.550Z,5.3,-20.962,-174.541,33.0
1995-04-21T03:05:31.490Z,5.1,12.122,125.668,25.0
1995-05-25T01:31:11.120Z,5.0,12.122,125.67,30.0
1995-04-24T06:08:08.540Z,5.5,12.226,125.84,30.3
2003-03-16T09:00:27.050Z,5.4,12.181,125.826,30.4
1995-06-29T01:27:02.890Z,5.1,-33.912,-72.319,41.1
2011-04-19T05:50:45.370Z,5.1,-33.846,-72.151,13.1
1995-07-20T11:13:37.960Z,5.0,0.522,-80.091,33.0
2007-12-10T18:19:07.370Z,5.1,0.589,-80.007,38.9
1995-08-18T20:17:25.300Z,5.4,-6.609,154.68,33.0
2007-02-13T10:56:58.380Z,5.4,-6.655,154.655,33.0
1995-09-27T02:05:23.680Z,5.0,26.423,128.872,33.0
2011-02-22T04:56:19.740Z,5.1,26.419,128.706,16.1
1995-11-14T06:32:55.750Z,5.1,-3.682,101.924,57.0
2003-07-02T00:47:11.860Z,5.1,-3.643,102.06,75.2
1996-03-05T17:32:10.180Z,5.9,24.033,122.241,33.0
2005-09-06T01:16:02.350Z,5.8,24.084,122.191,32.0
1996-03-28T17:53:22.400Z,5.0,24.338,122.143,38.9
2009-07-13T20:28:54.920Z,5.0,24.093,122.116,37.2
1996-04-08T20:08:30.650Z,5.2,-6.07,148.458,87.2
2008-01-29T22:45:06.070Z,5.0,-5.954,148.429,54.2
1996-05-02T05:45:12.640Z,5.2,31.793,131.629,38.4
2008-03-10T01:44:33.130Z,5.1,31.793,131.462,53.8
1996-06-10T06:11:49.130Z,5.0,51.58,-177.035,33.0
1996-07-24T23:53:22.420Z,5.1,51.701,-177.124,54.6
1996-06-10T06:11:49.130Z,5.0,51.58,-177.035,33.0
2016-06-14T17:13:27.520Z,5.1,51.628,-177.053,54.2
1996-06-11T16:38:36.710Z,5.2,51.486,-178.321,33.0
2000-06-16T23:33:49.980Z,5.0,51.433,-178.346,33.0
1996-06-25T21:37:02.680Z,5.0,39.971,142.839,44.9
2002-04-11T12:04:13.480Z,5.3,39.987,142.813,35.9
1996-06-25T21:37:02.680Z,5.0,39.971,142.839,44.9
2008-05-31T14:28:35.100Z,5.0,39.983,142.604,33.5
1996-06-25T21:37:02.680Z,5.0,39.971,142.839,44.9
2011-05-02T21:25:49.540Z,5.1,40.102,142.564,32.3
1996-06-25T21:37:02.680Z,5.0,39.971,142.839,44.9
2011-12-20T06:26:23.210Z,5.1,40.099,142.559,52.7
1996-06-25T21:37:02.680Z,5.0,39.971,142.839,44.9
2014-01-16T01:12:17.710Z,5.1,40.115,142.818,51.8
1996-07-24T23:53:22.420Z,5.1,51.701,-177.124,54.6
2016-06-14T17:13:27.520Z,5.1,51.628,-177.053,54.2
1996-10-02T16:00:20.440Z,5.4,53.417,160.388,33.0
2010-08-15T02:10:38.390Z,5.5,53.557,160.121,40.3
1996-10-06T10:02:42.110Z,5.4,-9.785,118.002,53.8
2014-02-23T21:21:15.390Z,5.0,-9.817,117.957,33.7
1996-10-16T08:42:12.390Z,5.2,13.924,-92.063,33.0
2012-11-29T19:32:31.750Z,5.5,13.757,-92.113,10.0
1996-10-23T10:18:55.070Z,5.1,-22.283,170.811,33.0
2009-08-18T00:59:45.870Z,5.1,-22.476,170.731,55.0
1996-11-16T16:08:52.500Z,5.2,-11.421,165.736,33.0
2007-09-05T14:22:17.440Z,5.2,-11.479,165.777,35.0
1996-12-26T19:34:11.570Z,5.8,-5.36,151.357,107.1
2010-11-02T06:39:55.060Z,5.8,-5.355,151.556,35.0
1997-01-18T17:13:50.680Z,5.0,24.179,122.668,55.6
1999-10-02T17:14:17.810Z,5.2,24.069,122.434,44.7
1997-01-18T17:13:50.680Z,5.0,24.179,122.668,55.6
2002-09-15T01:06:55.800Z,5.1,24.098,122.463,36.0
1997-01-18T17:13:50.680Z,5.0,24.179,122.668,55.6
2004-11-10T14:48:06.920Z,5.1,24.076,122.344,56.8
1997-01-18T17:13:50.680Z,5.0,24.179,122.668,55.6
2010-07-18T13:03:24.500Z,5.1,24.131,122.47,26.9
1997-02-09T23:11:04.670Z,5.0,-20.235,-173.629,39.8
2005-04-30T08:28:37.570Z,5.0,-19.99,-173.68,10.0
1997-03-12T01:55:00.980Z,5.0,-23.452,-175.51,33.0
2002-06-20T05:26:10.640Z,5.1,-23.473,-175.518,33.0
1997-03-12T01:55:00.980Z,5.0,-23.452,-175.51,33.0
2006-11-18T21:45:11.170Z,5.0,-23.497,-175.545,42.0
1997-03-12T01:55:00.980Z,5.0,-23.452,-175.51,33.0
2011-07-04T21:42:18.080Z,5.1,-23.521,-175.548,56.5
1997-03-17T09:23:17.010Z,5.1,41.897,142.11,76.5
2003-11-13T22:39:20.580Z,5.0,41.857,142.117,74.4
1997-03-17T09:23:17.010Z,5.1,41.897,142.11,76.5
2016-09-26T02:24:37.740Z,5.0,41.88,142.204,64.0
1997-04-08T15:14:23.300Z,5.5,52.06,-171.408,45.9
2014-06-20T12:16:46.370Z,5.4,51.769,-171.254,41.9
1997-04-11T12:01:45.470Z,5.5,26.124,128.5,33.0
2011-05-05T23:21:22.100Z,5.5,26.124,128.398,10.0
1997-04-27T14:09:08.810Z,5.2,46.15,153.135,33.0
2006-12-13T01:57:43.100Z,5.0,46.166,152.966,10.0
1997-04-27T14:09:08.810Z,5.2,46.15,153.135,33.0
2008-03-03T11:22:35.660Z,5.3,46.257,152.931,10.0
1997-05-05T05:44:17.380Z,5.5,14.906,119.889,33.0
2010-11-10T10:30:15.660Z,5.5,14.923,119.868,21.0
1997-05-08T14:01:10.240Z,5.6,12.267,-87.204,59.1
2011-05-02T23:55:39.470Z,5.4,12.129,-87.47,28.0
1997-06-19T10:05:19.930Z,5.0,24.852,125.285,49.1
2002-06-04T17:20:57.090Z,5.1,24.85,125.353,48.9
1997-06-19T10:05:19.930Z,5.0,24.852,125.285,49.1
2007-09-22T08:00:18.940Z,5.1,24.855,125.267,54.4
1997-06-19T10:05:19.930Z,5.0,24.852,125.285,49.1
2014-09-17T23:18:55.450Z,5.4,24.841,125.351,42.8
1997-07-09T09:36:07.010Z,5.1,35.434,139.989,64.0
2014-05-12T23:35:02.310Z,5.1,35.597,140.059,55.3
1997-09-02T00:19:48.070Z,5.1,41.25,142.566,54.8
2007-01-16T12:52:36.960Z,5.0,41.182,142.714,29.9
1997-09-09T05:45:47.370Z,5.1,5.789,-77.516,21.4
2007-09-22T11:44:39.330Z,5.0,5.759,-77.437,24.3
1997-09-21T22:03:04.940Z,5.2,51.992,-170.566,33.0
2008-08-18T02:21:19.070Z,5.2,52.146,-170.6,30.7
1997-09-21T22:03:04.940Z,5.2,51.992,-170.566,33.0
2017-05-06T20:43:19.300Z,5.2,52.112,-170.543,31.7
1997-09-24T15:16:28.340Z,5.1,-21.024,-174.273,33.0
2004-05-12T18:08:48.130Z,5.1,-20.741,-174.397,10.0
1997-09-24T15:16:28.340Z,5.1,-21.024,-174.273,33.0
2007-01-06T11:10:20.340Z,5.1,-20.829,-174.391,33.1
1997-09-24T15:16:28.340Z,5.1,-21.024,-174.273,33.0
2014-10-02T07:02:05.150Z,5.1,-20.931,-174.29,10.0
1997-09-25T19:54:03.150Z,5.6,-12.496,166.468,33.0
2016-03-18T12:49:12.910Z,5.5,-12.511,166.621,29.0
1997-10-20T05:14:40.310Z,5.3,-25.611,-176.815,33.0
2006-08-19T10:28:07.600Z,5.2,-25.624,-176.815,64.9
1997-11-16T08:18:16.360Z,5.3,-4.956,103.189,58.3
2012-06-20T09:59:04.590Z,5.2,-4.928,103.194,69.5
1997-11-23T08:35:47.710Z,5.1,-5.405,102.523,33.0
2000-06-04T17:38:03.060Z,5.1,-5.291,102.693,33.0
1998-02-11T02:25:44.390Z,5.2,41.995,142.317,74.8
2011-09-18T10:39:48.400Z,5.1,42.036,142.315,69.4
1998-03-21T02:18:54.000Z,5.0,-4.253,-80.709,33.0
2010-09-11T18:55:25.730Z,5.2,-4.244,-80.584,61.6
1998-04-12T18:35:09.060Z,5.5,-23.718,-176.041,33.0
2005-10-14T03:36:45.970Z,5.5,-23.713,-176.024,33.9
1998-04-23T08:53:12.660Z,5.4,-17.69,-173.299,33.0
2006-07-17T22:31:49.110Z,5.3,-17.669,-173.257,35.0
1998-04-23T08:53:12.660Z,5.4,-17.69,-173.299,33.0
2014-09-13T18:22:14.020Z,5.4,-17.712,-173.126,11.0
1998-05-01T12:08:43.350Z,5.3,-55.949,-26.707,33.0
2005-10-03T11:26:37.730Z,5.1,-56.021,-26.659,51.3
1998-05-09T11:42:11.640Z,5.4,13.621,-90.724,33.0
2003-01-21T07:06:53.200Z,5.4,13.563,-90.858,33.0
1998-05-14T20:03:17.660Z,5.2,-20.119,169.276,49.2
2004-02-15T00:01:30.710Z,5.2,-20.033,169.226,46.6
1998-05-14T20:03:17.660Z,5.2,-20.119,169.276,49.2
2008-07-10T16:01:06.490Z,5.1,-20.081,169.205,69.5
1998-05-14T20:03:17.660Z,5.2,-20.119,169.276,49.2
2011-10-16T04:24:45.080Z,5.1,-20.04,169.144,81.1
1998-05-14T20:03:17.660Z,5.2,-20.119,169.276,49.2
2015-10-17T21:02:30.450Z,5.3,-20.114,169.226,43.4
1998-05-23T15:44:37.710Z,5.2,-6.283,154.943,33.0
2015-05-25T04:48:21.710Z,5.4,-6.419,155.003,44.0
1998-06-21T08:03:54.240Z,5.2,12.853,-88.463,69.6
2005-03-10T13:37:48.780Z,5.1,12.932,-88.419,68.5
1998-06-21T08:03:54.240Z,5.2,12.853,-88.463,69.6
2009-07-05T10:35:50.900Z,5.0,12.85,-88.497,62.1
1998-06-24T18:14:44.940Z,5.0,-30.61,-178.107,150.0
2011-07-19T02:20:35.650Z,5.3,-30.715,-177.82,17.4
1998-08-17T12:43:39.840Z,5.4,-7.58,107.199,76.6
2010-08-11T19:10:21.430Z,5.3,-7.495,107.058,37.4
1998-08-19T06:55:11.050Z,5.2,-3.998,151.58,33.0
2002-02-09T22:50:47.810Z,5.3,-3.734,151.305,10.0
1998-08-24T04:56:16.460Z,5.2,-4.449,102.597,34.1
2012-07-18T04:33:59.330Z,5.3,-4.381,102.794,63.9
1998-09-20T06:30:46.630Z,5.5,-35.63,-179.844,52.9
2015-07-07T05:35:14.530Z,5.6,-35.425,-179.621,10.0
1998-10-08T21:23:27.030Z,5.2,-4.877,103.104,33.0
2004-10-09T08:17:07.370Z,5.0,-4.885,103.1,61.9
1998-10-08T21:23:27.030Z,5.2,-4.877,103.104,33.0
2009-10-31T22:50:03.660Z,5.0,-5.003,102.979,67.5
1998-10-16T07:26:46.890Z,5.0,-33.769,-72.214,33.0
2010-09-20T05:42:56.690Z,5.1,-33.643,-71.928,30.4
1998-10-28T21:39:52.970Z,5.4,11.985,143.528,33.0
2010-11-24T11:59:40.610Z,5.2,11.966,143.576,35.0
1998-10-30T14:34:50.840Z,5.3,-16.197,167.941,176.4
2017-06-17T16:37:22.760Z,5.0,-16.216,167.869,176.7
1998-12-07T09:01:18.050Z,5.2,29.289,130.332,42.3
2008-08-02T04:03:27.700Z,5.1,29.355,130.284,54.7
1998-12-07T15:53:29.550Z,5.2,-5.157,102.957,49.1
2017-01-12T13:29:06.300Z,5.5,-5.267,102.724,22.9
1999-01-26T07:04:20.900Z,5.2,-21.1,-174.486,33.0
2003-07-04T01:15:56.550Z,5.3,-20.962,-174.541,33.0
1999-01-26T07:04:20.900Z,5.2,-21.1,-174.486,33.0
2008-02-22T15:26:51.360Z,5.1,-20.993,-174.527,35.0
1999-01-26T07:04:20.900Z,5.2,-21.1,-174.486,33.0
2013-06-19T09:39:33.960Z,5.1,-21.022,-174.438,41.5
1999-01-26T07:04:20.900Z,5.2,-21.1,-174.486,33.0
2017-07-05T23:29:45.290Z,5.1,-20.881,-174.382,35.0
1999-02-01T16:35:31.140Z,5.2,-6.474,104.721,33.0
2010-08-02T23:13:29.800Z,5.4,-6.498,104.618,41.7
1999-02-09T00:19:37.140Z,5.1,42.328,142.983,59.1
2004-09-10T04:22:10.110Z,5.0,42.392,142.954,51.8
1999-02-09T00:19:37.140Z,5.1,42.328,142.983,59.1
2010-01-14T18:46:25.100Z,5.0,42.338,142.991,60.1
1999-02-20T10:50:12.750Z,5.3,35.38,142.094,33.0
2013-12-23T09:25:12.290Z,5.1,35.503,142.302,17.4
1999-02-25T08:41:17.740Z,5.1,52.228,173.962,33.0
2013-09-21T22:58:22.800Z,5.1,52.279,173.781,25.4
1999-04-25T12:27:05.270Z,5.3,36.441,140.473,81.7
2008-03-07T16:54:57.170Z,5.2,36.453,140.612,57.0
1999-04-25T12:27:05.270Z,5.3,36.441,140.473,81.7
2016-07-27T14:47:17.010Z,5.3,36.492,140.758,46.0
1999-05-09T00:35:02.990Z,5.2,-16.102,-172.961,33.0
2008-01-13T11:16:40.530Z,5.2,-16.057,-172.937,36.6
1999-05-30T04:41:36.280Z,5.0,-5.424,152.411,56.7
2006-08-02T23:44:24.160Z,5.0,-5.463,152.479,37.8
1999-06-27T14:01:39.150Z,5.2,-20.105,-173.692,33.0
2005-04-30T08:28:37.570Z,5.0,-19.99,-173.68,10.0
1999-06-27T14:01:39.150Z,5.2,-20.105,-173.692,33.0
2012-08-22T10:13:57.470Z,5.1,-20.038,-173.661,35.0
1999-07-26T21:22:01.970Z,5.1,49.255,156.275,33.0
2012-02-29T01:22:52.650Z,5.0,49.282,156.2,46.8
1999-08-01T20:10:54.380Z,5.3,52.303,-173.381,51.1
2009-04-21T08:37:28.080Z,5.2,52.257,-173.436,55.5
1999-08-20T20:19:01.070Z,5.1,-21.417,-174.525,33.0
2011-07-13T07:25:16.160Z,5.2,-21.511,-174.36,10.0
1999-09-06T03:14:58.270Z,5.3,-7.067,154.727,62.4
2007-08-22T09:34:50.740Z,5.0,-7.042,154.789,49.5
1999-09-06T03:14:58.270Z,5.3,-7.067,154.727,62.4
2014-04-12T10:55:41.640Z,5.0,-6.973,154.803,14.1
1999-09-06T03:14:58.270Z,5.3,-7.067,154.727,62.4
2014-04-26T16:03:50.510Z,5.0,-7.001,154.813,35.6
1999-09-19T19:59:24.050Z,5.3,-6.816,154.609,33.0
2006-12-18T23:46:16.790Z,5.3,-6.809,154.576,61.9
1999-09-26T23:38:38.620Z,5.1,44.589,148.204,61.0
2013-11-01T16:30:14.300Z,5.2,44.631,148.18,77.7
1999-10-02T17:14:17.810Z,5.2,24.069,122.434,44.7
2010-07-18T13:03:24.500Z,5.1,24.131,122.47,26.9
1999-10-11T21:18:27.350Z,5.2,-10.854,164.801,33.0
2012-11-11T14:56:10.590Z,5.2,-10.755,164.828,25.9
2000-01-29T08:13:10.730Z,5.4,-8.633,111.137,60.7
2014-07-14T05:05:03.200Z,5.5,-8.819,111.253,52.5
2000-02-19T19:31:37.360Z,5.4,49.656,155.859,48.2
2010-02-23T10:43:10.260Z,5.3,49.702,155.789,48.4
2000-02-24T13:32:26.280Z,5.1,51.459,-178.379,50.2
2002-08-21T17:11:14.410Z,5.1,51.476,-178.354,33.0
2000-03-16T07:11:18.510Z,5.0,-6.956,155.043,33.0
2014-04-11T10:30:28.960Z,5.1,-6.877,155.137,16.1
2000-03-21T22:36:39.780Z,5.3,-5.463,152.106,64.0
2002-01-13T16:23:30.140Z,5.1,-5.422,152.111,38.5
2000-03-21T22:36:39.780Z,5.3,-5.463,152.106,64.0
2008-06-21T07:28:44.540Z,5.1,-5.396,152.067,70.6
2000-03-29T07:47:01.210Z,5.2,-27.958,-176.458,10.0
2016-07-14T02:24:02.360Z,5.1,-27.896,-176.347,10.0
2000-04-13T13:12:53.780Z,5.4,10.28,126.552,33.0
2012-09-01T00:25:02.670Z,5.3,10.229,126.45,35.0
2000-06-05T17:43:24.020Z,5.1,-7.359,106.664,33.0
2006-03-16T05:43:09.700Z,5.0,-7.366,106.72,20.3
2000-06-05T17:43:24.020Z,5.1,-7.359,106.664,33.0
2012-11-10T06:05:27.190Z,5.1,-7.373,106.666,49.5
2000-06-09T06:47:32.180Z,5.1,-5.013,102.723,33.0
2001-02-14T01:39:31.490Z,5.2,-5.023,102.727,33.0
2000-06-14T14:11:07.350Z,5.5,46.64,152.587,33.0
2012-05-23T20:25:58.200Z,5.3,46.66,152.557,34.0
2000-06-14T14:11:07.350Z,5.5,46.64,152.587,33.0
2015-12-13T01:52:17.690Z,5.3,46.724,152.586,56.7
2000-07-28T04:28:08.190Z,5.1,-20.679,-174.082,33.0
2008-05-15T14:06:15.330Z,5.1,-20.839,-174.062,35.0
2000-07-28T04:28:08.190Z,5.1,-20.679,-174.082,33.0
2012-11-14T07:41:53.210Z,5.2,-20.739,-174.079,10.0
2000-07-28T04:28:08.190Z,5.1,-20.679,-174.082,33.0
2016-12-13T23:51:31.140Z,5.2,-20.612,-173.631,10.0
2000-08-03T17:01:57.700Z,5.1,11.804,143.13,33.0
2010-09-28T03:15:03.030Z,5.0,11.884,143.241,10.9
2000-08-03T17:01:57.700Z,5.1,11.804,143.13,33.0
2016-05-02T05:24:42.170Z,5.3,11.851,143.337,10.0
2000-08-04T03:11:49.970Z,5.0,-12.723,66.171,10.0
2011-06-24T05:12:10.180Z,5.1,-12.715,66.354,10.0
2000-08-23T05:14:06.790Z,5.2,51.298,-179.68,56.3
2012-11-01T09:50:59.090Z,5.1,51.011,-179.699,9.0
2000-08-29T07:14:48.470Z,5.0,3.113,96.438,33.0
2005-05-04T00:44:50.540Z,5.1,3.047,96.382,40.2
2000-10-04T15:39:27.710Z,5.1,-17.747,-173.199,33.0
2006-01-13T09:17:56.910Z,5.4,-17.757,-173.216,10.0
2000-10-04T15:39:27.710Z,5.1,-17.747,-173.199,33.0
2008-05-11T05:49:22.450Z,5.4,-17.74,-173.283,38.8
2000-10-12T02:22:09.750Z,5.4,-17.685,-173.01,33.0
2011-11-11T15:02:19.930Z,5.6,-17.708,-173.095,10.0
2000-11-24T17:27:11.160Z,5.4,-20.508,-174.367,35.3
2004-05-22T07:36:57.020Z,5.4,-20.522,-174.254,33.1
2000-11-24T17:27:11.160Z,5.4,-20.508,-174.367,35.3
2009-07-11T12:35:21.830Z,5.3,-20.672,-174.215,35.0
2000-11-24T17:27:11.160Z,5.4,-20.508,-174.367,35.3
2012-06-17T17:26:26.940Z,5.3,-20.588,-174.311,10.0
2000-12-03T12:55:16.700Z,5.7,51.666,-178.156,43.2
2013-04-21T13:48:29.450Z,5.6,51.663,-178.239,44.0
2000-12-10T03:17:58.430Z,5.0,-6.698,155.716,67.0
2016-08-05T15:04:38.240Z,5.1,-6.717,155.679,77.9
2001-01-07T12:55:46.890Z,5.4,-8.703,108.893,33.0
2009-07-31T14:56:16.480Z,5.4,-8.795,108.744,17.5
2001-01-09T12:53:15.520Z,5.3,-11.446,165.67,33.0
2009-10-08T06:07:11.400Z,5.0,-11.437,165.717,35.0
2001-01-09T12:53:15.520Z,5.3,-11.446,165.67,33.0
2011-05-28T16:47:11.180Z,5.1,-11.502,165.797,35.0
2001-02-02T14:47:55.090Z,5.3,5.636,-82.631,10.0
2013-06-14T17:56:45.320Z,5.2,5.3,-82.617,10.0
2001-02-16T23:38:03.710Z,5.0,-6.08,104.68,33.0
2008-10-18T18:41:32.150Z,5.1,-6.058,104.751,77.5
2001-02-27T12:10:32.460Z,5.2,-22.653,-175.059,33.0
2008-06-04T21:28:24.980Z,5.2,-22.569,-175.102,34.5
2001-03-05T21:24:49.310Z,5.1,-9.76,108.822,33.0
2006-07-22T03:05:11.200Z,5.2,-9.687,108.821,10.0
2001-03-05T21:24:49.310Z,5.1,-9.76,108.822,33.0
2006-11-17T00:57:58.970Z,5.0,-9.778,108.905,10.0
2001-03-05T21:24:49.310Z,5.1,-9.76,108.822,33.0
2010-01-28T04:01:18.210Z,5.0,-9.832,108.788,16.1
2001-03-05T21:24:49.310Z,5.1,-9.76,108.822,33.0
2015-05-12T06:27:03.550Z,5.1,-10.022,108.732,10.0
2001-03-07T12:20:08.480Z,5.1,-16.168,178.271,33.0
2009-05-31T16:14:30.760Z,5.0,-16.21,178.282,22.5
2001-03-18T15:43:21.310Z,5.7,12.54,-87.399,95.5
2011-07-03T06:34:36.870Z,5.7,12.326,-87.62,36.0
2001-03-31T02:26:33.470Z,5.1,4.049,96.088,50.7
2010-12-23T00:01:37.690Z,5.4,3.931,95.916,41.8
2001-04-21T15:41:31.600Z,5.1,-4.748,103.097,88.7
2008-01-06T10:06:32.780Z,5.1,-4.867,103.096,35.0
2001-05-05T18:06:55.820Z,5.2,14.813,-93.658,33.0
2009-08-30T09:19:43.760Z,5.1,14.567,-93.574,10.0
2001-05-07T14:32:52.170Z,5.2,27.315,128.346,55.7
2007-08-08T15:19:42.560Z,5.2,27.385,128.346,47.0
2001-05-07T14:32:52.170Z,5.2,27.315,128.346,55.7
2013-03-05T20:32:45.540Z,5.3,27.386,128.304,51.1
2001-05-14T02:32:38.110Z,5.7,-27.173,-176.898,33.0
2012-08-24T04:43:48.350Z,5.7,-27.311,-176.807,16.0
2001-05-27T21:17:50.080Z,5.1,-4.333,102.84,100.0
2006-05-17T03:48:19.650Z,5.0,-4.457,102.736,38.8
2001-05-27T21:17:50.080Z,5.1,-4.333,102.84,100.0
2010-07-23T14:34:13.250Z,5.1,-4.533,102.451,35.0
2001-07-09T04:43:21.840Z,5.0,-30.197,-177.911,33.0
2005-11-19T18:09:38.730Z,5.2,-30.015,-177.925,51.6
2001-10-04T16:57:29.450Z,5.2,34.92,141.598,42.9
2011-07-30T13:21:34.560Z,5.0,34.825,141.601,35.0
2001-10-26T08:44:28.310Z,5.0,30.554,141.755,33.0
2014-06-13T05:50:49.790Z,5.0,30.699,141.835,47.2
2001-11-06T06:12:53.830Z,5.1,-30.437,-71.155,61.4
2014-05-21T09:00:53.210Z,5.1,-30.452,-71.311,36.2
2002-01-06T01:33:39.720Z,5.2,48.776,154.964,44.7
2011-09-17T08:59:30.470Z,5.2,48.909,154.739,61.9
2002-01-13T16:23:30.140Z,5.1,-5.422,152.111,38.5
2008-06-21T07:28:44.540Z,5.1,-5.396,152.067,70.6
2002-01-15T13:04:05.850Z,5.2,-18.195,168.152,10.0
2013-08-30T11:35:09.510Z,5.0,-18.366,168.203,27.1
2002-01-27T03:04:14.500Z,5.3,-21.697,-174.553,33.0
2006-09-11T20:59:27.390Z,5.3,-21.537,-174.525,10.0
2002-02-09T22:50:47.810Z,5.3,-3.734,151.305,10.0
2002-06-10T16:24:17.270Z,5.3,-3.801,151.38,33.0
2002-02-17T10:23:01.380Z,5.2,-5.875,104.59,33.0
2007-07-18T19:37:31.460Z,5.1,-5.954,104.537,30.0
2002-02-21T00:30:54.140Z,5.2,-26.796,-176.374,33.0
2007-12-14T18:24:44.710Z,5.1,-26.631,-176.454,35.0
2002-04-11T12:04:13.480Z,5.3,39.987,142.813,35.9
2008-05-31T14:28:35.100Z,5.0,39.983,142.604,33.5
2002-04-11T12:04:13.480Z,5.3,39.987,142.813,35.9
2011-05-02T21:25:49.540Z,5.1,40.102,142.564,32.3
2002-04-11T12:04:13.480Z,5.3,39.987,142.813,35.9
2011-12-20T06:26:23.210Z,5.1,40.099,142.559,52.7
2002-04-11T12:04:13.480Z,5.3,39.987,142.813,35.9
2014-01-16T01:12:17.710Z,5.1,40.115,142.818,51.8
2002-04-26T02:12:56.640Z,5.5,-27.441,-176.702,33.0
2009-01-05T22:27:13.890Z,5.4,-27.48,-176.706,47.0
2002-05-09T16:37:34.840Z,5.2,26.44,128.851,33.0
2011-02-22T04:56:19.740Z,5.1,26.419,128.706,16.1
2002-06-04T17:20:57.090Z,5.1,24.85,125.353,48.9
2014-09-17T23:18:55.450Z,5.4,24.841,125.351,42.8
2002-06-20T05:26:10.640Z,5.1,-23.473,-175.518,33.0
2006-11-18T21:45:11.170Z,5.0,-23.497,-175.545,42.0
2002-06-20T03:02:36.950Z,5.3,-12.012,166.106,33.0
2007-09-14T23:44:35.210Z,5.0,-11.982,165.871,35.0
2002-06-20T03:02:36.950Z,5.3,-12.012,166.106,33.0
2009-10-08T18:10:49.900Z,5.2,-12.035,165.978,35.0
2002-07-06T00:07:08.400Z,5.4,-17.638,-173.198,33.0
2012-11-12T14:58:09.650Z,5.1,-17.631,-173.09,10.0
2002-07-06T00:07:08.400Z,5.4,-17.638,-173.198,33.0
2017-07-19T17:11:44.250Z,5.2,-17.569,-172.886,5.4
2002-07-18T14:26:51.630Z,5.0,-58.688,-25.275,33.0
2009-05-05T06:16:07.350Z,5.1,-58.704,-25.115,36.2
2002-08-10T19:43:02.940Z,5.0,-7.254,156.081,41.8
2014-07-10T19:24:44.130Z,5.1,-7.37,156.192,54.0
2002-09-05T00:14:42.090Z,5.2,-6.199,104.876,43.7
2009-09-04T00:52:08.110Z,5.1,-6.286,104.794,46.0
2002-09-05T00:14:42.090Z,5.2,-6.199,104.876,43.7
2017-11-08T19:17:06.960Z,5.0,-6.507,104.615,35.0
2002-09-15T01:06:55.800Z,5.1,24.098,122.463,36.0
2004-11-10T14:48:06.920Z,5.1,24.076,122.344,56.8
2002-10-02T21:10:07.910Z,5.1,-5.859,103.029,33.0
2013-10-11T13:12:57.830Z,5.3,-5.798,103.088,37.6
2002-10-03T15:56:41.130Z,5.2,54.564,161.515,53.8
2010-11-12T06:31:13.250Z,5.0,54.65,161.361,52.6
2002-10-21T12:15:22.700Z,5.1,-7.374,107.356,65.5
2017-02-15T18:53:38.570Z,5.0,-7.516,107.388,77.3
2002-11-26T15:29:45.040Z,5.3,23.931,122.738,33.0
2008-08-21T06:53:07.990Z,5.0,23.853,122.602,6.6
2002-11-29T05:49:40.850Z,5.2,-18.454,-173.251,33.0
2014-12-10T12:49:51.850Z,5.0,-18.493,-173.077,10.0
2003-01-19T02:55:24.280Z,5.1,-3.428,101.638,53.2
2013-07-24T21:39:22.260Z,5.2,-3.607,101.509,57.4
2003-04-11T17:57:16.550Z,5.1,-20.113,168.645,33.0
2008-04-06T18:48:15.190Z,5.1,-20.081,168.575,35.0
2003-04-11T17:57:16.550Z,5.1,-20.113,168.645,33.0
2008-06-01T22:30:50.880Z,5.2,-20.062,168.601,45.5
2003-04-11T17:57:16.550Z,5.1,-20.113,168.645,33.0
2011-05-28T06:42:06.570Z,5.1,-20.057,168.527,37.8
2003-05-17T14:33:09.670Z,5.4,35.591,140.551,50.0
2011-05-21T22:06:26.390Z,5.6,35.597,140.492,37.0
2003-05-17T14:33:09.670Z,5.4,35.591,140.551,50.0
2017-02-19T09:19:31.080Z,5.4,35.662,140.752,42.0
2003-05-22T17:45:37.630Z,5.2,11.302,125.459,71.6
2013-01-19T13:48:02.480Z,5.3,11.252,125.386,43.0
2003-05-29T05:59:07.660Z,5.3,50.878,157.301,49.4
2017-06-03T11:47:23.270Z,5.3,50.816,157.345,44.0
2003-06-04T06:03:43.530Z,5.0,-30.286,-177.842,33.0
2007-08-14T05:52:34.200Z,5.1,-30.417,-177.803,35.0
2003-07-02T00:47:11.860Z,5.1,-3.643,102.06,75.2
2008-02-24T04:36:29.250Z,5.2,-3.741,101.986,44.2
2003-07-04T01:15:56.550Z,5.3,-20.962,-174.541,33.0
2008-02-22T15:26:51.360Z,5.1,-20.993,-174.527,35.0
2003-07-04T01:15:56.550Z,5.3,-20.962,-174.541,33.0
2013-06-19T09:39:33.960Z,5.1,-21.022,-174.438,41.5
2003-07-04T03:39:02.850Z,5.4,-5.465,151.756,10.0
2015-05-03T22:35:07.600Z,5.5,-5.523,151.855,35.0
2003-07-04T01:15:56.550Z,5.3,-20.962,-174.541,33.0
2017-07-05T23:29:45.290Z,5.1,-20.881,-174.382,35.0
2003-07-15T09:25:58.800Z,5.3,-5.139,151.826,45.0
2012-02-23T13:25:30.190Z,5.1,-5.197,151.926,68.6
2003-08-13T16:38:10.710Z,5.0,-9.826,119.015,33.0
2017-09-20T16:25:11.310Z,5.3,-10.196,118.882,10.8
2003-08-30T10:06:39.970Z,5.5,41.864,142.552,51.9
2015-09-12T13:38:01.860Z,5.4,41.897,142.652,49.0
2003-09-17T01:27:18.980Z,5.0,-4.436,102.844,68.7
2016-09-17T02:30:56.820Z,5.5,-4.435,102.754,59.0
2003-09-20T13:35:14.430Z,5.2,-30.702,-177.705,33.0
2012-07-23T19:47:14.110Z,5.0,-30.83,-177.465,35.0
2003-09-25T21:02:52.630Z,5.5,41.807,144.231,33.0
2004-03-26T16:26:38.080Z,5.0,41.81,144.303,12.8
2003-10-06T13:28:57.520Z,5.0,-17.919,167.73,33.0
2009-06-02T16:01:37.150Z,5.0,-17.873,167.81,35.0
2003-10-11T18:26:18.600Z,5.6,41.746,143.683,33.0
2009-03-07T14:33:04.910Z,5.3,41.796,143.693,32.7
2003-10-23T08:12:39.820Z,5.3,-10.823,161.669,33.7
2015-08-03T09:41:53.590Z,5.4,-10.747,161.899,32.7
2003-11-13T22:39:20.580Z,5.0,41.857,142.117,74.4
2016-09-26T02:24:37.740Z,5.0,41.88,142.204,64.0
2004-01-28T02:50:00.350Z,5.1,9.816,125.914,91.0
2017-01-30T02:43:55.790Z,5.1,9.935,126.035,53.3
2004-02-01T21:06:32.140Z,5.2,-5.547,151.708,73.2
2012-10-07T08:36:32.180Z,5.3,-5.53,151.794,35.0
2004-02-15T00:01:30.710Z,5.2,-20.033,169.226,46.6
2008-07-10T16:01:06.490Z,5.1,-20.081,169.205,69.5
2004-02-15T00:01:30.710Z,5.2,-20.033,169.226,46.6
2011-10-16T04:24:45.080Z,5.1,-20.04,169.144,81.1
2004-03-16T06:09:22.820Z,5.1,-32.218,-177.878,10.0
2015-07-02T19:22:42.200Z,5.0,-31.955,-178.027,16.3
2004-03-20T00:10:42.140Z,5.0,-23.88,-175.962,10.0
2012-04-23T10:57:19.650Z,5.0,-24.007,-175.934,20.1
2004-05-12T18:08:48.130Z,5.1,-20.741,-174.397,10.0
2014-10-02T07:02:05.150Z,5.1,-20.931,-174.29,10.0
2004-05-19T21:04:14.750Z,5.0,27.338,128.321,60.1
2013-01-27T20:57:35.470Z,5.2,27.314,128.348,60.6
2004-05-22T07:36:57.020Z,5.4,-20.522,-174.254,33.1
2009-07-11T12:35:21.830Z,5.3,-20.672,-174.215,35.0
2004-05-22T07:36:57.020Z,5.4,-20.522,-174.254,33.1
2012-06-17T17:26:26.940Z,5.3,-20.588,-174.311,10.0
2004-07-09T15:37:53.210Z,5.1,-39.536,-16.072,10.0
2012-09-14T06:56:16.840Z,5.1,-39.644,-16.021,10.0
2004-08-20T17:37:53.710Z,5.4,23.934,123.374,26.0
2012-02-27T01:11:48.390Z,5.2,23.873,123.355,40.1
2004-09-03T12:16:49.690Z,5.6,-15.192,-173.375,10.0
2009-03-06T07:01:48.040Z,5.8,-15.156,-173.309,3.0
2004-09-07T10:57:39.700Z,5.2,-33.969,-72.418,36.3
2011-01-19T05:20:00.000Z,5.3,-33.96,-72.453,12.9
2004-09-07T03:23:02.830Z,5.2,0.111,98.729,59.7
2014-08-04T12:09:47.510Z,5.0,0.156,98.629,56.0
2004-09-08T08:16:01.200Z,5.1,-33.988,-72.318,31.9
2012-11-19T16:45:50.370Z,5.1,-33.928,-72.17,11.2
2004-09-10T04:22:10.110Z,5.0,42.392,142.954,51.8
2010-01-14T18:46:25.100Z,5.0,42.338,142.991,60.1
2004-10-09T08:17:07.370Z,5.0,-4.885,103.1,61.9
2009-10-31T22:50:03.660Z,5.0,-5.003,102.979,67.5
2004-10-09T22:07:48.750Z,5.3,14.629,146.898,44.7
2015-07-16T13:02:07.280Z,5.3,14.609,146.919,10.0
2004-10-09T08:17:07.370Z,5.0,-4.885,103.1,61.9
2017-12-07T15:16:35.310Z,5.3,-5.028,102.949,53.4
2004-11-10T14:48:06.920Z,5.1,24.076,122.344,56.8
2010-07-18T13:03:24.500Z,5.1,24.131,122.47,26.9
2004-12-26T03:40:15.640Z,5.6,5.532,94.334,30.0
2004-12-30T04:27:36.730Z,5.2,5.535,94.299,30.0
2004-12-26T03:40:15.640Z,5.6,5.532,94.334,30.0
2005-01-29T18:20:58.570Z,5.2,5.512,94.322,30.0
2004-12-26T04:02:55.730Z,5.8,4.983,94.72,47.9
2005-02-13T01:22:09.310Z,5.3,5.079,94.794,48.8
2004-12-26T03:51:12.360Z,5.7,5.049,94.771,30.0
2005-05-09T01:30:52.510Z,5.2,5.099,94.843,30.0
2004-12-26T03:51:12.360Z,5.7,5.049,94.771,30.0
2008-03-05T17:04:07.700Z,5.0,5.08,94.825,56.4
2004-12-26T03:51:12.360Z,5.7,5.049,94.771,30.0
2010-09-29T11:33:32.150Z,5.0,4.998,94.736,54.9
2004-12-27T06:01:52.240Z,5.0,7.94,93.483,58.2
2005-01-29T23:14:30.370Z,5.0,7.959,93.509,30.0
2004-12-27T00:32:16.480Z,5.8,5.476,94.467,33.0
2006-05-13T03:11:41.610Z,5.7,5.521,94.432,34.0
2004-12-29T10:52:52.000Z,5.4,2.799,95.566,23.2
2011-01-22T07:34:17.490Z,5.2,2.887,95.521,28.3
2004-12-30T04:27:36.730Z,5.2,5.535,94.299,30.0
2005-01-29T18:20:58.570Z,5.2,5.512,94.322,30.0
2004-12-30T04:27:36.730Z,5.2,5.535,94.299,30.0
2005-10-04T12:23:25.160Z,5.0,5.559,94.277,44.6
2004-12-31T14:38:46.620Z,5.4,5.113,94.857,49.4
2005-02-13T01:22:09.310Z,5.3,5.079,94.794,48.8
2004-12-31T10:58:21.470Z,5.2,5.03,94.834,13.0
2005-05-09T01:30:52.510Z,5.2,5.099,94.843,30.0
2004-12-31T14:38:46.620Z,5.4,5.113,94.857,49.4
2005-07-23T22:53:35.080Z,5.3,5.113,94.802,48.1
2004-12-31T10:58:21.470Z,5.2,5.03,94.834,13.0
2010-09-29T11:33:32.150Z,5.0,4.998,94.736,54.9
2004-12-31T14:38:46.620Z,5.4,5.113,94.857,49.4
2010-09-30T09:54:10.160Z,5.2,5.045,94.736,55.0
2004-12-31T14:38:46.620Z,5.4,5.113,94.857,49.4
2015-07-22T05:35:39.440Z,5.2,5.056,94.716,23.7
2005-01-02T19:35:25.910Z,5.1,5.348,94.343,47.5
2005-01-26T23:43:28.670Z,5.1,5.336,94.327,47.2
2005-01-05T14:34:31.320Z,5.3,5.588,94.759,30.0
2012-06-05T11:01:20.000Z,5.3,5.482,94.672,54.4
2005-01-07T05:27:32.990Z,5.3,-30.936,-177.646,18.0
2011-07-19T02:20:35.650Z,5.3,-30.715,-177.82,17.4
2005-01-29T18:20:58.570Z,5.2,5.512,94.322,30.0
2005-10-04T12:23:25.160Z,5.0,5.559,94.277,44.6
2005-01-31T09:39:47.570Z,5.4,41.834,143.643,21.9
2009-03-07T14:33:04.910Z,5.3,41.796,143.693,32.7
2005-02-06T04:24:18.630Z,5.4,13.855,93.58,35.6
2005-07-02T18:12:21.880Z,5.1,13.849,93.607,39.7
2005-02-06T04:24:18.630Z,5.4,13.855,93.58,35.6
2008-08-05T10:08:11.950Z,5.2,13.865,93.581,35.0
2005-02-06T04:24:18.630Z,5.4,13.855,93.58,35.6
2012-11-26T23:13:52.470Z,5.1,13.85,93.637,53.7
2005-02-06T04:24:18.630Z,5.4,13.855,93.58,35.6
2015-06-12T18:29:30.290Z,5.2,14.012,93.578,48.6
2005-02-13T01:22:09.310Z,5.3,5.079,94.794,48.8
2005-07-23T22:53:35.080Z,5.3,5.113,94.802,48.1
2005-02-13T01:22:09.310Z,5.3,5.079,94.794,48.8
2006-09-16T06:17:46.880Z,5.2,5.124,94.779,49.0
2005-02-13T01:22:09.310Z,5.3,5.079,94.794,48.8
2010-09-30T09:54:10.160Z,5.2,5.045,94.736,55.0
2005-02-13T01:22:09.310Z,5.3,5.079,94.794,48.8
2015-07-22T05:35:39.440Z,5.2,5.056,94.716,23.7
2005-03-10T13:37:48.780Z,5.1,12.932,-88.419,68.5
2009-07-05T10:35:50.900Z,5.0,12.85,-88.497,62.1
2005-03-12T22:33:14.410Z,5.1,5.478,94.693,59.5
2006-08-13T08:41:46.440Z,5.1,5.519,94.663,30.0
2005-03-12T22:33:14.410Z,5.1,5.478,94.693,59.5
2007-06-24T13:47:36.580Z,5.0,5.423,94.585,30.0
2005-03-12T22:33:14.410Z,5.1,5.478,94.693,59.5
2008-05-08T11:31:23.880Z,5.0,5.507,94.703,35.0
2005-03-12T22:33:14.410Z,5.1,5.478,94.693,59.5
2009-08-28T16:45:18.250Z,5.0,5.475,94.659,55.3
2005-03-12T22:33:14.410Z,5.1,5.478,94.693,59.5
2010-12-18T22:56:43.080Z,5.0,5.42,94.667,55.2
2005-03-12T22:33:14.410Z,5.1,5.478,94.693,59.5
2014-08-04T10:36:09.830Z,5.3,5.399,94.653,57.0
2005-03-12T22:33:14.410Z,5.1,5.478,94.693,59.5
2016-12-18T19:24:43.690Z,5.3,5.411,94.611,50.7
2005-03-24T06:08:38.490Z,5.0,-55.985,-27.078,69.9
2016-03-15T13:35:17.740Z,5.2,-56.015,-27.058,41.0
2005-03-28T20:35:17.420Z,5.1,1.751,97.132,27.3
2006-04-12T14:39:04.120Z,5.0,1.654,97.07,37.8
2005-03-29T16:38:20.100Z,5.3,-33.711,-72.277,34.0
2010-10-31T07:10:40.570Z,5.3,-33.661,-71.86,29.0
2005-04-26T17:18:23.560Z,5.2,1.357,97.173,22.4
2005-08-13T18:27:23.440Z,5.0,1.367,97.207,30.0
2005-04-26T17:18:23.560Z,5.2,1.357,97.173,22.4
2011-02-20T14:32:24.870Z,5.3,1.36,97.198,40.4
2005-04-30T08:28:37.570Z,5.0,-19.99,-173.68,10.0
2012-08-22T10:13:57.470Z,5.1,-20.038,-173.661,35.0
2005-04-30T08:28:37.570Z,5.0,-19.99,-173.68,10.0
2016-12-18T19:17:40.650Z,5.4,-19.937,-173.164,10.0
2005-05-09T01:30:52.510Z,5.2,5.099,94.843,30.0
2005-09-01T16:42:39.550Z,5.1,5.074,94.795,30.0
2005-05-09T01:30:52.510Z,5.2,5.099,94.843,30.0
2006-12-09T09:24:46.750Z,5.1,5.08,94.752,30.0
2005-05-09T01:30:52.510Z,5.2,5.099,94.843,30.0
2010-09-29T11:33:32.150Z,5.0,4.998,94.736,54.9
2005-05-09T01:30:52.510Z,5.2,5.099,94.843,30.0
2012-08-19T01:57:03.640Z,5.2,5.063,94.753,40.6
2005-05-09T01:30:52.510Z,5.2,5.099,94.843,30.0
2015-07-08T00:38:56.010Z,5.3,4.995,94.735,34.3
2005-06-20T07:16:16.770Z,5.3,26.081,128.448,28.2
2013-11-03T12:16:56.220Z,5.4,26.091,128.417,19.2
2005-07-02T18:12:21.880Z,5.1,13.849,93.607,39.7
2008-08-05T10:08:11.950Z,5.2,13.865,93.581,35.0
2005-07-02T18:12:21.880Z,5.1,13.849,93.607,39.7
2015-06-12T18:29:30.290Z,5.2,14.012,93.578,48.6
2005-07-23T22:53:35.080Z,5.3,5.113,94.802,48.1
2006-09-16T06:17:46.880Z,5.2,5.124,94.779,49.0
2005-07-23T22:53:35.080Z,5.3,5.113,94.802,48.1
2010-09-30T09:54:10.160Z,5.2,5.045,94.736,55.0
2005-07-23T22:53:35.080Z,5.3,5.113,94.802,48.1
2015-07-22T05:35:39.440Z,5.2,5.056,94.716,23.7
2005-08-13T18:27:23.440Z,5.0,1.367,97.207,30.0
2011-02-20T14:32:24.870Z,5.3,1.36,97.198,40.4
2005-09-01T16:42:39.550Z,5.1,5.074,94.795,30.0
2006-03-16T15:12:16.410Z,5.0,5.072,94.778,50.2
2005-09-01T16:42:39.550Z,5.1,5.074,94.795,30.0
2006-12-09T09:24:46.750Z,5.1,5.08,94.752,30.0
2005-09-01T16:42:39.550Z,5.1,5.074,94.795,30.0
2010-09-29T11:33:32.150Z,5.0,4.998,94.736,54.9
2005-09-01T16:42:39.550Z,5.1,5.074,94.795,30.0
2015-07-08T00:38:56.010Z,5.3,4.995,94.735,34.3
2005-09-11T03:35:44.560Z,5.0,-6.638,155.104,29.0
2014-12-23T21:19:51.430Z,5.1,-6.731,155.09,35.0
2005-10-09T13:39:59.720Z,5.3,-23.113,-175.415,38.1
2011-11-20T14:09:32.760Z,5.4,-23.053,-175.383,35.0
2005-10-12T23:10:10.800Z,5.0,-23.684,-175.928,42.8
2010-03-11T23:20:15.890Z,5.3,-23.709,-175.802,14.7
2005-10-16T07:05:41.610Z,5.0,36.014,139.773,40.3
2016-07-17T04:24:01.860Z,5.0,36.005,139.923,40.2
2005-11-12T18:54:13.840Z,5.2,1.863,97.036,30.0
2009-07-25T18:41:58.040Z,5.2,1.869,97.02,39.2
2006-01-01T08:47:13.350Z,5.5,4.735,95.144,51.5
2008-05-13T10:29:19.340Z,5.4,4.676,95.089,35.0
2006-01-13T09:17:56.910Z,5.4,-17.757,-173.216,10.0
2008-05-11T05:49:22.450Z,5.4,-17.74,-173.283,38.8
2006-02-07T09:10:27.580Z,5.1,-11.838,166.42,57.3
2017-01-30T14:04:10.400Z,5.1,-11.804,166.459,58.0
2006-02-26T21:32:49.260Z,5.2,5.609,94.688,30.0
2008-01-05T20:01:55.080Z,5.3,5.477,94.685,57.3
2006-03-16T15:12:16.410Z,5.0,5.072,94.778,50.2
2008-03-05T17:04:07.700Z,5.0,5.08,94.825,56.4
2006-03-16T05:43:09.700Z,5.0,-7.366,106.72,20.3
2012-11-10T06:05:27.190Z,5.1,-7.373,106.666,49.5
2006-03-16T15:12:16.410Z,5.0,5.072,94.778,50.2
2015-07-08T00:38:56.010Z,5.3,4.995,94.735,34.3
2006-04-19T15:30:05.820Z,5.1,-20.957,-174.486,10.0
2013-06-19T09:39:33.960Z,5.1,-21.022,-174.438,41.5
2006-04-19T15:30:05.820Z,5.1,-20.957,-174.486,10.0
2017-07-05T23:29:45.290Z,5.1,-20.881,-174.382,35.0
2006-05-10T02:16:30.000Z,5.3,-21.318,-174.604,37.1
2007-04-16T15:50:07.390Z,5.2,-21.315,-174.511,10.0
2006-05-17T03:48:19.650Z,5.0,-4.457,102.736,38.8
2010-07-23T14:34:13.250Z,5.1,-4.533,102.451,35.0
2006-06-02T03:26:41.830Z,5.1,-21.241,-174.326,37.0
2012-09-26T01:41:39.060Z,5.1,-21.205,-174.328,10.0
2006-07-17T22:31:49.110Z,5.3,-17.669,-173.257,35.0
2014-09-13T18:22:14.020Z,5.4,-17.712,-173.126,11.0
2006-07-22T03:05:11.200Z,5.2,-9.687,108.821,10.0
2015-05-12T06:27:03.550Z,5.1,-10.022,108.732,10.0
2006-08-01T10:19:40.920Z,5.2,-19.18,-173.568,31.9
2014-04-06T08:13:58.170Z,5.2,-19.162,-173.529,10.0
2006-08-02T18:13:59.420Z,5.0,3.966,95.967,45.7
2013-04-29T13:42:59.670Z,5.0,3.886,95.918,61.1
2006-08-02T23:44:24.160Z,5.0,-5.463,152.479,37.8
2015-05-08T09:07:05.120Z,5.1,-5.488,152.628,40.4
2006-08-13T08:41:46.440Z,5.1,5.519,94.663,30.0
2007-06-24T13:47:36.580Z,5.0,5.423,94.585,30.0
2006-08-13T08:41:46.440Z,5.1,5.519,94.663,30.0
2008-05-08T11:31:23.880Z,5.0,5.507,94.703,35.0
2006-08-13T08:41:46.440Z,5.1,5.519,94.663,30.0
2009-08-28T16:45:18.250Z,5.0,5.475,94.659,55.3
2006-08-13T08:41:46.440Z,5.1,5.519,94.663,30.0
2010-12-18T22:56:43.080Z,5.0,5.42,94.667,55.2
2006-08-13T08:41:46.440Z,5.1,5.519,94.663,30.0
2014-08-04T10:36:09.830Z,5.3,5.399,94.653,57.0
2006-08-13T08:41:46.440Z,5.1,5.519,94.663,30.0
2016-12-18T19:24:43.690Z,5.3,5.411,94.611,50.7
2006-09-04T01:03:49.750Z,5.1,-9.264,107.544,10.0
2008-01-06T08:54:59.200Z,5.1,-9.291,107.487,29.8
2006-09-16T06:17:46.880Z,5.2,5.124,94.779,49.0
2010-09-30T09:54:10.160Z,5.2,5.045,94.736,55.0
2006-10-28T03:08:19.940Z,5.0,13.788,-91.643,37.1
2012-12-14T04:58:48.460Z,5.1,13.824,-91.725,35.8
2006-11-08T08:22:31.480Z,5.1,47.19,154.014,36.8
2008-08-18T01:46:32.490Z,5.1,47.264,153.93,35.0
2006-11-17T00:57:58.970Z,5.0,-9.778,108.905,10.0
2010-01-28T04:01:18.210Z,5.0,-9.832,108.788,16.1
2006-11-17T00:57:58.970Z,5.0,-9.778,108.905,10.0
2015-05-12T06:27:03.550Z,5.1,-10.022,108.732,10.0
2006-11-18T21:45:11.170Z,5.0,-23.497,-175.545,42.0
2011-07-04T21:42:18.080Z,5.1,-23.521,-175.548,56.5
2006-11-21T08:32:25.710Z,5.6,-6.216,154.748,31.7
2013-02-08T17:59:53.820Z,5.7,-6.315,154.737,93.0
2006-12-09T09:24:46.750Z,5.1,5.08,94.752,30.0
2010-09-29T11:33:32.150Z,5.0,4.998,94.736,54.9
2006-12-09T09:24:46.750Z,5.1,5.08,94.752,30.0
2012-08-19T01:57:03.640Z,5.2,5.063,94.753,40.6
2006-12-09T09:24:46.750Z,5.1,5.08,94.752,30.0
2015-07-08T00:38:56.010Z,5.3,4.995,94.735,34.3
2006-12-13T01:57:43.100Z,5.0,46.166,152.966,10.0
2008-03-03T11:22:35.660Z,5.3,46.257,152.931,10.0
2007-03-04T23:49:26.200Z,5.1,-17.566,-173.346,35.0
2012-11-12T14:58:09.650Z,5.1,-17.631,-173.09,10.0
2007-03-28T14:28:54.710Z,5.3,25.497,-109.633,10.0
2016-10-13T03:55:12.520Z,5.3,25.476,-109.735,24.0
2007-04-20T13:21:00.970Z,5.1,-0.14,124.416,20.9
2011-05-05T08:45:29.000Z,5.0,-0.199,124.483,73.0
2007-04-20T00:39:18.990Z,5.0,-7.182,155.162,10.0
2016-07-24T22:09:59.800Z,5.2,-7.192,155.14,56.3
2007-04-20T19:37:58.230Z,5.7,27.471,128.379,42.4
2016-09-26T05:19:58.220Z,5.7,27.465,128.578,38.0
2007-04-25T10:06:49.460Z,5.0,46.634,152.586,10.0
2010-01-25T00:07:52.570Z,5.0,46.701,152.547,48.2
2007-06-21T04:39:16.360Z,5.3,46.483,153.316,10.0
2011-08-19T11:39:47.170Z,5.2,46.524,153.276,34.9
2007-06-23T16:47:30.720Z,5.0,1.192,97.328,51.2
2014-02-22T17:27:59.300Z,5.1,1.077,97.236,28.0
2007-06-24T13:47:36.580Z,5.0,5.423,94.585,30.0
2008-05-08T11:31:23.880Z,5.0,5.507,94.703,35.0
2007-06-24T13:47:36.580Z,5.0,5.423,94.585,30.0
2009-08-28T16:45:18.250Z,5.0,5.475,94.659,55.3
2007-06-24T13:47:36.580Z,5.0,5.423,94.585,30.0
2010-12-18T22:56:43.080Z,5.0,5.42,94.667,55.2
2007-06-24T13:47:36.580Z,5.0,5.423,94.585,30.0
2016-12-18T19:24:43.690Z,5.3,5.411,94.611,50.7
2007-07-18T19:37:31.460Z,5.1,-5.954,104.537,30.0
2012-07-29T14:21:18.430Z,5.2,-5.997,104.418,66.4
2007-08-08T15:19:42.560Z,5.2,27.385,128.346,47.0
2013-03-05T20:32:45.540Z,5.3,27.386,128.304,51.1
2007-08-22T09:34:50.740Z,5.0,-7.042,154.789,49.5
2014-04-12T10:55:41.640Z,5.0,-6.973,154.803,14.1
2007-08-22T09:34:50.740Z,5.0,-7.042,154.789,49.5
2014-04-26T16:03:50.510Z,5.0,-7.001,154.813,35.6
2007-09-12T22:02:26.660Z,5.1,-4.429,101.402,28.4
2007-12-01T21:21:19.110Z,5.1,-4.454,101.365,27.4
2007-09-13T10:47:52.880Z,5.1,-3.432,101.659,35.0
2008-07-24T13:21:50.540Z,5.1,-3.448,101.658,75.3
2007-09-13T05:44:18.970Z,5.0,-3.723,100.688,28.9
2008-10-26T10:27:37.490Z,5.1,-3.631,100.75,35.5
2007-09-14T03:07:14.700Z,5.1,-2.919,101.145,40.0
2008-03-31T13:30:56.860Z,5.1,-2.859,101.177,50.4
2007-09-14T23:44:35.210Z,5.0,-11.982,165.871,35.0
2009-11-13T12:40:54.890Z,5.0,-12.033,166.109,35.0
2007-09-20T00:50:19.390Z,5.0,-4.303,101.229,27.1
2007-12-24T20:56:20.200Z,5.2,-4.328,101.294,25.7
2007-09-20T00:50:19.390Z,5.0,-4.303,101.229,27.1
2011-03-03T04:30:15.770Z,5.1,-4.424,101.123,19.5
2007-09-22T08:00:18.940Z,5.1,24.855,125.267,54.4
2014-09-17T23:18:55.450Z,5.4,24.841,125.351,42.8
2007-10-05T09:22:36.420Z,5.1,-4.376,101.337,35.0
2012-03-28T08:54:16.230Z,5.2,-4.403,101.235,15.7
2007-11-22T20:30:20.210Z,5.1,-19.161,168.75,40.1
2012-03-25T20:45:45.700Z,5.0,-19.108,168.75,40.4
2007-11-22T23:02:12.960Z,5.8,4.743,95.06,49.3
2013-01-10T13:47:03.780Z,5.7,4.72,95.095,38.0
2007-11-26T15:03:42.100Z,5.0,1.091,97.103,35.0
2014-06-17T16:04:43.050Z,5.0,1.177,97.066,36.2
2007-11-27T15:46:10.850Z,5.3,-1.63,100.437,35.0
2013-06-11T02:30:36.360Z,5.0,-1.78,100.281,35.4
2007-12-07T08:09:24.810Z,5.0,5.457,94.666,72.8
2012-04-17T03:24:26.410Z,5.1,5.373,94.621,60.0
2007-12-24T20:56:20.200Z,5.2,-4.328,101.294,25.7
2011-03-03T04:30:15.770Z,5.1,-4.424,101.123,19.5
2008-01-05T20:01:55.080Z,5.3,5.477,94.685,57.3
2012-06-05T11:01:20.000Z,5.3,5.482,94.672,54.4
2008-01-06T10:06:32.780Z,5.1,-4.867,103.096,35.0
2013-08-22T22:37:50.900Z,5.1,-4.733,103.045,69.0
2008-01-19T19:24:59.830Z,5.2,36.428,70.767,204.8
2011-08-26T20:32:40.930Z,5.3,36.445,70.727,202.4
2008-02-22T15:26:51.360Z,5.1,-20.993,-174.527,35.0
2013-06-19T09:39:33.960Z,5.1,-21.022,-174.438,41.5
2008-02-22T15:26:51.360Z,5.1,-20.993,-174.527,35.0
2017-07-05T23:29:45.290Z,5.1,-20.881,-174.382,35.0
2008-02-28T11:55:06.130Z,5.1,49.37,155.543,60.1
2012-11-01T06:57:23.500Z,5.2,49.399,155.489,59.5
2008-03-05T17:04:07.700Z,5.0,5.08,94.825,56.4
2010-09-29T11:33:32.150Z,5.0,4.998,94.736,54.9
2008-03-05T17:04:07.700Z,5.0,5.08,94.825,56.4
2012-08-19T01:57:03.640Z,5.2,5.063,94.753,40.6
2008-03-07T16:54:57.170Z,5.2,36.453,140.612,57.0
2016-07-27T14:47:17.010Z,5.3,36.492,140.758,46.0
2008-03-14T15:48:33.540Z,5.0,-22.281,-174.72,35.0
2012-03-04T16:05:14.110Z,5.1,-22.309,-174.798,7.8
2008-03-16T23:05:25.580Z,5.2,-2.897,101.095,35.0
2010-01-31T07:02:46.270Z,5.0,-2.878,100.906,50.7
2008-04-06T18:48:15.190Z,5.1,-20.081,168.575,35.0
2008-06-01T22:30:50.880Z,5.2,-20.062,168.601,45.5
2008-04-06T18:48:15.190Z,5.1,-20.081,168.575,35.0
2011-05-28T06:42:06.570Z,5.1,-20.057,168.527,37.8
2008-04-10T13:25:29.660Z,5.0,-20.299,168.854,35.0
2014-07-18T18:44:27.490Z,5.1,-20.482,168.761,28.4
2008-05-01T17:44:54.680Z,5.0,-2.874,101.213,49.4
2011-02-25T22:08:37.720Z,5.1,-3.047,100.996,50.1
2008-05-03T03:53:34.930Z,5.3,-3.015,101.319,50.4
2013-02-13T11:00:24.850Z,5.3,-2.99,101.297,55.3
2008-05-08T11:31:23.880Z,5.0,5.507,94.703,35.0
2009-08-28T16:45:18.250Z,5.0,5.475,94.659,55.3
2008-05-08T11:31:23.880Z,5.0,5.507,94.703,35.0
2010-12-18T22:56:43.080Z,5.0,5.42,94.667,55.2
2008-05-08T21:18:43.350Z,5.0,36.275,142.029,31.8
2011-03-21T05:54:12.510Z,5.0,36.252,142.014,35.0
2008-05-08T21:18:43.350Z,5.0,36.275,142.029,31.8
2011-05-28T13:46:07.930Z,5.0,36.287,142.021,35.0
2008-05-08T11:31:23.880Z,5.0,5.507,94.703,35.0
2016-12-18T19:24:43.690Z,5.3,5.411,94.611,50.7
2008-05-31T14:28:35.100Z,5.0,39.983,142.604,33.5
2011-05-02T21:25:49.540Z,5.1,40.102,142.564,32.3
2008-05-31T14:28:35.100Z,5.0,39.983,142.604,33.5
2011-12-20T06:26:23.210Z,5.1,40.099,142.559,52.7
2008-05-31T14:28:35.100Z,5.0,39.983,142.604,33.5
2014-01-16T01:12:17.710Z,5.1,40.115,142.818,51.8
2008-06-01T22:30:50.880Z,5.2,-20.062,168.601,45.5
2011-05-28T06:42:06.570Z,5.1,-20.057,168.527,37.8
2008-06-24T19:14:44.150Z,5.1,-3.185,101.433,49.0
2011-06-19T04:15:58.980Z,5.4,-3.247,101.361,57.1
2008-07-09T02:34:43.520Z,5.0,-12.406,166.46,45.2
2012-02-29T07:05:12.110Z,5.1,-12.543,166.487,80.7
2008-07-10T16:01:06.490Z,5.1,-20.081,169.205,69.5
2011-10-16T04:24:45.080Z,5.1,-20.04,169.144,81.1
2008-08-05T10:08:11.950Z,5.2,13.865,93.581,35.0
2012-11-26T23:13:52.470Z,5.1,13.85,93.637,53.7
2008-08-05T10:08:11.950Z,5.2,13.865,93.581,35.0
2015-06-12T18:29:30.290Z,5.2,14.012,93.578,48.6
2008-08-18T02:21:19.070Z,5.2,52.146,-170.6,30.7
2017-05-06T20:43:19.300Z,5.2,52.112,-170.543,31.7
2008-08-22T10:59:50.120Z,5.2,36.463,140.401,51.5
2015-08-06T09:22:29.530Z,5.2,36.452,140.595,52.8
2008-11-05T05:04:46.090Z,5.3,52.035,-170.538,30.0
2017-05-19T01:21:42.220Z,5.2,52.002,-170.488,22.2
2009-02-23T05:56:31.680Z,5.4,0.479,98.548,35.0
2016-09-01T20:04:17.480Z,5.5,0.553,98.615,35.0
2009-03-25T20:25:12.600Z,5.2,-62.007,155.608,10.0
2016-02-26T01:49:36.830Z,5.7,-62.209,155.257,10.0
2009-04-14T22:44:45.000Z,5.2,19.328,-155.21,9.9
2015-06-28T08:10:10.480Z,5.2,19.335,-155.209,8.6
2009-07-11T12:35:21.830Z,5.3,-20.672,-174.215,35.0
2012-06-17T17:26:26.940Z,5.3,-20.588,-174.311,10.0
2009-07-25T18:41:58.040Z,5.2,1.869,97.02,39.2
2012-08-10T04:41:40.250Z,5.1,1.901,96.965,8.0
2009-08-28T16:45:18.250Z,5.0,5.475,94.659,55.3
2010-12-18T22:56:43.080Z,5.0,5.42,94.667,55.2
2009-08-28T16:45:18.250Z,5.0,5.475,94.659,55.3
2016-12-18T19:24:43.690Z,5.3,5.411,94.611,50.7
2009-09-04T00:52:08.110Z,5.1,-6.286,104.794,46.0
2017-11-08T19:17:06.960Z,5.0,-6.507,104.615,35.0
2009-09-11T08:12:03.750Z,5.0,-55.982,-26.644,35.0
2017-05-03T17:24:54.480Z,5.3,-56.026,-26.695,34.5
2009-10-15T19:20:16.570Z,5.2,-12.408,166.617,35.0
2012-02-29T07:05:12.110Z,5.1,-12.543,166.487,80.7
2009-11-26T15:42:17.730Z,5.0,-30.522,-177.839,23.3
2015-10-07T03:50:33.440Z,5.0,-30.27,-177.88,27.6
2009-12-02T23:14:00.830Z,5.4,-56.156,-26.772,59.7
2017-06-20T12:54:35.910Z,5.3,-56.259,-27.015,56.2
2009-12-08T00:11:36.170Z,5.0,-4.803,103.105,73.3
2014-05-16T21:20:24.000Z,5.0,-4.982,102.975,63.3
2010-01-28T04:01:18.210Z,5.0,-9.832,108.788,16.1
2015-05-12T06:27:03.550Z,5.1,-10.022,108.732,10.0
2010-02-10T12:22:39.600Z,5.1,-7.189,154.877,18.8
2014-04-19T18:11:22.360Z,5.1,-7.147,154.77,44.1
2010-03-03T04:35:59.720Z,5.3,-37.582,-73.872,35.3
2011-06-01T13:47:29.640Z,5.4,-37.489,-73.674,28.5
2010-03-05T10:31:23.390Z,5.2,-37.559,-73.643,37.1
2010-04-19T07:32:48.890Z,5.2,-37.519,-73.68,25.8
2010-03-11T22:34:03.910Z,5.3,-37.705,-73.651,24.5
2011-07-25T11:15:11.000Z,5.2,-37.714,-73.728,32.8
2010-03-19T08:54:44.000Z,5.5,-35.541,-73.475,14.4
2015-07-17T11:11:22.780Z,5.2,-35.503,-73.222,10.0
2010-07-13T22:21:05.270Z,5.0,1.369,97.182,42.9
2013-11-19T20:22:43.750Z,5.1,1.294,97.117,16.4
2010-08-25T04:06:17.340Z,5.0,-49.496,117.32,10.0
2017-08-01T17:20:25.130Z,5.1,-49.528,116.896,10.0
2010-09-28T03:15:03.030Z,5.0,11.884,143.241,10.9
2016-05-02T05:24:42.170Z,5.3,11.851,143.337,10.0
2010-09-29T11:33:32.150Z,5.0,4.998,94.736,54.9
2012-08-19T01:57:03.640Z,5.2,5.063,94.753,40.6
2010-09-30T09:54:10.160Z,5.2,5.045,94.736,55.0
2015-07-22T05:35:39.440Z,5.2,5.056,94.716,23.7
2010-12-11T20:35:02.600Z,5.0,-56.83,-25.411,46.5
2014-12-11T18:16:50.380Z,5.1,-56.825,-25.257,10.0
2010-12-18T22:56:43.080Z,5.0,5.42,94.667,55.2
2014-08-04T10:36:09.830Z,5.3,5.399,94.653,57.0
2010-12-18T22:56:43.080Z,5.0,5.42,94.667,55.2
2016-12-18T19:24:43.690Z,5.3,5.411,94.611,50.7
2010-12-23T00:01:37.690Z,5.4,3.931,95.916,41.8
2013-04-29T13:42:59.670Z,5.0,3.886,95.918,61.1
2011-02-20T09:17:11.900Z,5.1,-7.263,155.136,35.0
2015-12-06T04:03:08.170Z,5.3,-7.235,155.042,11.1
2011-02-28T23:10:26.600Z,5.0,3.973,95.958,63.2
2017-05-07T11:29:19.150Z,5.0,3.931,95.869,49.3
2011-03-21T05:54:12.510Z,5.0,36.252,142.014,35.0
2011-05-28T13:46:07.930Z,5.0,36.287,142.021,35.0
2011-04-29T22:19:33.370Z,5.2,38.859,141.916,59.2
2011-07-24T15:07:10.970Z,5.1,38.855,141.993,62.4
2011-05-02T21:25:49.540Z,5.1,40.102,142.564,32.3
2011-12-20T06:26:23.210Z,5.1,40.099,142.559,52.7
2011-05-02T21:25:49.540Z,5.1,40.102,142.564,32.3
2014-01-16T01:12:17.710Z,5.1,40.115,142.818,51.8
2011-05-21T22:06:26.390Z,5.6,35.597,140.492,37.0
2017-02-19T09:19:31.080Z,5.4,35.662,140.752,42.0
2011-10-16T04:24:45.080Z,5.1,-20.04,169.144,81.1
2015-10-17T21:02:30.450Z,5.3,-20.114,169.226,43.4
2011-11-22T07:41:32.000Z,5.1,-34.762,-71.807,41.4
2014-02-12T13:35:23.510Z,5.2,-34.748,-71.617,44.9
2011-12-20T06:26:23.210Z,5.1,40.099,142.559,52.7
2014-01-16T01:12:17.710Z,5.1,40.115,142.818,51.8
2012-01-23T11:45:43.700Z,5.2,37.108,140.965,62.4
2014-02-08T02:34:23.050Z,5.0,37.087,141.12,51.8
2012-01-23T11:45:43.700Z,5.2,37.108,140.965,62.4
2015-05-15T03:30:34.360Z,5.1,37.046,141.203,38.0
2012-03-21T02:54:40.000Z,5.0,16.46,-98.4,15.0
2013-01-15T19:20:27.700Z,5.0,16.491,-98.491,12.2
2012-05-20T08:20:57.950Z,5.3,39.619,143.175,10.0
2015-06-11T04:56:32.160Z,5.4,39.61,143.241,10.0
2012-06-05T11:01:20.000Z,5.3,5.482,94.672,54.4
2017-01-17T11:48:46.330Z,5.1,5.418,94.558,35.0
2012-08-19T01:57:03.640Z,5.2,5.063,94.753,40.6
2015-07-08T00:38:56.010Z,5.3,4.995,94.735,34.3
2012-08-22T10:13:57.470Z,5.1,-20.038,-173.661,35.0
2016-12-18T19:17:40.650Z,5.4,-19.937,-173.164,10.0
2012-11-14T07:41:53.210Z,5.2,-20.739,-174.079,10.0
2016-12-13T23:51:31.140Z,5.2,-20.612,-173.631,10.0
2012-11-21T17:42:36.660Z,5.0,38.479,141.648,34.9
2013-11-25T15:43:02.470Z,5.0,38.482,141.94,52.9
2012-11-26T23:13:52.470Z,5.1,13.85,93.637,53.7
2015-06-12T18:29:30.290Z,5.2,14.012,93.578,48.6
2013-01-10T12:48:21.460Z,5.0,37.491,141.308,57.2
2014-02-07T17:18:34.490Z,5.2,37.562,141.363,62.0
2013-06-19T09:39:33.960Z,5.1,-21.022,-174.438,41.5
2017-07-05T23:29:45.290Z,5.1,-20.881,-174.382,35.0
2014-02-08T02:34:23.050Z,5.0,37.087,141.12,51.8
2015-05-15T03:30:34.360Z,5.1,37.046,141.203,38.0
2014-04-12T10:55:41.640Z,5.0,-6.973,154.803,14.1
2014-04-26T16:03:50.510Z,5.0,-7.001,154.813,35.6